filename,iou
Train_0.jpg,0.00502138739073833
Train_1.jpg,0.0057589592098588605
Train_10.jpg,0.001710285577917429
Train_1000.jpg,0.009084688171028104
Train_1003.jpg,0.047091552857865454
Train_1006.jpg,0.017246124208788186
Train_1008.jpg,0.0009296148738379814
Train_1009.jpg,0.08038459388451004
Train_101.jpg,0.012335803300774672
Train_1010.jpg,0.014404120061157159
Train_1011.jpg,0.011471306835111137
Train_1013.jpg,0.0030200372908952442
Train_1015.jpg,0.06410849842621737
Train_1016.jpg,0.04611542730299667
Train_1018.jpg,0.007141350528821527
Train_1019.jpg,0.0076665550719785735
Train_102.jpg,0.002225762616559674
Train_1021.jpg,0.012516147552748672
Train_1022.jpg,0.00880986705109723
Train_1023.jpg,0.0060828680575962385
Train_1024.jpg,0.025595466769112563
Train_1025.jpg,0.0282963346594788
Train_1026.jpg,0.018363632174373864
Train_1027.jpg,0.0
Train_1028.jpg,0.02941279090052685
Train_1029.jpg,0.013384588502533636
Train_1030.jpg,0.00398496727791097
Train_1032.jpg,0.04888348124821071
Train_1033.jpg,0.053756030323914544
Train_1035.jpg,0.002007825370675453
Train_1036.jpg,0.08836355290337389
Train_1037.jpg,0.0017705830276969774
Train_1038.jpg,0.0009519276534983341
Train_104.jpg,0.0005210232897410514
Train_1040.jpg,0.002412425644415069
Train_1041.jpg,0.009256520967646537
Train_1042.jpg,0.029131724938717584
Train_1045.jpg,0.03673000626435582
Train_1046.jpg,0.005238571004239462
Train_1048.jpg,0.004604822505023443
Train_1049.jpg,0.07712301142729105
Train_1050.jpg,0.010788905847060682
Train_1051.jpg,0.0031432025497307396
Train_1052.jpg,0.060306089221751874
Train_1053.jpg,0.008781233812683456
Train_1056.jpg,0.08632916075723007
Train_1057.jpg,0.0035363077072130987
Train_1059.jpg,0.09397959538981163
Train_106.jpg,0.015458354494667344
Train_1060.jpg,0.014753970725630644
Train_1061.jpg,0.016938519447929738
Train_1062.jpg,0.04484322164156163
Train_1063.jpg,0.03713761187179683
Train_1064.jpg,0.013673687968582648
Train_1065.jpg,0.030442850694618585
Train_1068.jpg,0.004376475216365067
Train_1069.jpg,0.0033730392734992332
Train_107.jpg,0.021207284099423396
Train_1070.jpg,0.0205656635336725
Train_1071.jpg,0.010444574681848628
Train_1073.jpg,0.0010491730859493635
Train_1074.jpg,0.033668561434193264
Train_1075.jpg,0.10751769587503052
Train_1076.jpg,0.06509570241964609
Train_1077.jpg,0.023436023436023436
Train_1078.jpg,0.011212538035096494
Train_108.jpg,0.008983942878213939
Train_1081.jpg,0.001415708703777111
Train_1083.jpg,0.01145874850538063
Train_1084.jpg,0.006503001385254733
Train_1087.jpg,0.0015812183421327686
Train_1088.jpg,0.02098903836571998
Train_1089.jpg,0.01648404459823145
Train_109.jpg,0.007557707580764994
Train_1090.jpg,0.015466666666666667
Train_1093.jpg,0.0036780270956816258
Train_1094.jpg,0.06213722734771186
Train_1095.jpg,0.1194702225425714
Train_1096.jpg,0.00809583360758244
Train_1098.jpg,0.10185328784119106
Train_1099.jpg,0.10369495307475225
Train_11.jpg,0.028653450330408406
Train_110.jpg,0.10716727792627588
Train_1100.jpg,0.03521838216291145
Train_1102.jpg,0.0
Train_1104.jpg,0.002079357393112485
Train_1105.jpg,0.006187259296672769
Train_1106.jpg,0.0021595387047220428
Train_1107.jpg,0.08196562809697615
Train_1108.jpg,0.005654829224157431
Train_1109.jpg,0.025200109565693764
Train_1111.jpg,0.0068663790484292395
Train_1112.jpg,0.025987122798851913
Train_1113.jpg,0.009335596508244422
Train_1116.jpg,0.0020308569003667665
Train_1118.jpg,0.004174300224948401
Train_1119.jpg,0.000388642494627589
Train_112.jpg,0.03189649650931916
Train_1120.jpg,0.022142818472199663
Train_1121.jpg,0.0009301801166953237
Train_1122.jpg,0.003380425423350448
Train_1124.jpg,0.01514876632801161
Train_1125.jpg,0.0
Train_1126.jpg,0.0014260604251649918
Train_1127.jpg,0.08880248833592536
Train_1128.jpg,0.13592697890169086
Train_1129.jpg,0.0
Train_113.jpg,0.02661707868446
Train_1130.jpg,0.034332361516034984
Train_1132.jpg,0.10421297766486716
Train_1134.jpg,0.029299111549851924
Train_1135.jpg,0.0407372175980975
Train_1136.jpg,0.06554532952501851
Train_1137.jpg,0.05453448622561834
Train_1138.jpg,0.004743677054223516
Train_114.jpg,0.007876323405502436
Train_1140.jpg,0.06299078183680437
Train_1142.jpg,0.0013621503814021069
Train_1143.jpg,0.10849904505111785
Train_1144.jpg,0.010242956541576366
Train_1145.jpg,0.006692600493579287
Train_1147.jpg,0.017377743121310015
Train_1148.jpg,0.01116342280250449
Train_1149.jpg,0.008536363084026976
Train_115.jpg,0.00550473790874733
Train_1150.jpg,0.004212299915754001
Train_1152.jpg,0.06372952694665569
Train_1154.jpg,0.004941171257007378
Train_1155.jpg,0.004919561669386803
Train_1156.jpg,0.058809810704707116
Train_1157.jpg,0.0981143329051202
Train_1158.jpg,0.0
Train_116.jpg,0.0524791740982437
Train_1161.jpg,0.0015362644971438463
Train_1162.jpg,0.0008064299346791753
Train_1163.jpg,0.004547155150084899
Train_1165.jpg,0.006197308916308414
Train_1166.jpg,0.08107102023451833
Train_1167.jpg,0.0011845534233593934
Train_1168.jpg,0.025577619582864992
Train_1169.jpg,0.0025033762640403177
Train_117.jpg,0.005419025265773851
Train_1170.jpg,0.016095427799528356
Train_1172.jpg,0.006979918971287652
Train_1173.jpg,0.016846342606633764
Train_1174.jpg,0.013953650219221935
Train_1175.jpg,0.009419818392690448
Train_1177.jpg,0.0019413941636837954
Train_1178.jpg,0.08053343386268319
Train_1179.jpg,0.024016634898631088
Train_118.jpg,0.0
Train_1181.jpg,0.04523838189260775
Train_1182.jpg,0.011663563684152885
Train_1183.jpg,0.05172353209880881
Train_1184.jpg,0.0012401818933443572
Train_1185.jpg,0.01468688379683144
Train_1187.jpg,0.002255427121511136
Train_1188.jpg,0.05154326100160124
Train_1189.jpg,0.006841286417595533
Train_119.jpg,0.05652259590120862
Train_1190.jpg,0.04490142830489852
Train_1191.jpg,0.0031322025884994976
Train_1192.jpg,0.15353329944077276
Train_1194.jpg,0.001421225354660327
Train_1196.jpg,0.0
Train_1197.jpg,0.004590770495734695
Train_12.jpg,0.05026078710289237
Train_120.jpg,0.00101217201733669
Train_1200.jpg,0.008407312149119169
Train_1201.jpg,0.05979956682941155
Train_1202.jpg,0.012462580412305472
Train_1203.jpg,0.0795540991280941
Train_1204.jpg,0.00488213139907937
Train_1205.jpg,0.0013783841097052378
Train_1206.jpg,0.0069087853608439925
Train_1207.jpg,0.008926739175046173
Train_1208.jpg,0.01106205543291636
Train_1209.jpg,0.07560744973893023
Train_121.jpg,0.0038932992669647474
Train_1211.jpg,0.08914871330294709
Train_1212.jpg,0.05164760561909238
Train_1213.jpg,0.007437185929648241
Train_1215.jpg,0.01172740924367745
Train_1216.jpg,0.0013688807770028029
Train_1217.jpg,0.008623912664190823
Train_1218.jpg,0.03708444444444445
Train_1219.jpg,0.0016002226396716066
Train_122.jpg,0.01177828555275494
Train_1220.jpg,0.07117385925332945
Train_1221.jpg,0.04297538583872484
Train_1222.jpg,0.011289181457442555
Train_1225.jpg,0.0016488895759262123
Train_1226.jpg,0.03877634077959664
Train_1228.jpg,0.011757149240393209
Train_1229.jpg,0.04104221765109217
Train_1231.jpg,0.00906290299469838
Train_1232.jpg,0.05188713636474105
Train_1233.jpg,0.003483511379470506
Train_1234.jpg,0.00431530494821634
Train_1235.jpg,0.004693010469023354
Train_1236.jpg,0.0036056770233985425
Train_1238.jpg,0.11000313796590078
Train_124.jpg,0.003804845157250879
Train_1241.jpg,0.0679841429501213
Train_1242.jpg,0.06852067676727083
Train_1243.jpg,0.09906012697622307
Train_1244.jpg,0.003934660784547514
Train_1246.jpg,0.01213739099483894
Train_1249.jpg,0.002524238425793127
Train_125.jpg,0.02475602755453502
Train_1250.jpg,0.12039419655078018
Train_1252.jpg,0.004599327790553688
Train_1253.jpg,0.041484839897988096
Train_1255.jpg,0.0013766993632765446
Train_1256.jpg,0.0031837148163334217
Train_1258.jpg,0.02821009288988015
Train_1259.jpg,0.056554706961211024
Train_126.jpg,0.003877347751849744
Train_1260.jpg,0.005800158186132349
Train_1262.jpg,0.003183252852788044
Train_1263.jpg,0.009224489795918367
Train_1264.jpg,0.04717588649535719
Train_1266.jpg,0.009444048467569494
Train_1267.jpg,0.00787028506751599
Train_1268.jpg,0.002621661477961658
Train_1269.jpg,0.012532108663501207
Train_127.jpg,0.008583117195646943
Train_1270.jpg,0.008865841418534626
Train_1272.jpg,0.002389779098624345
Train_1273.jpg,0.010668797292851437
Train_1274.jpg,0.05705980337720874
Train_1275.jpg,0.0022821125842208217
Train_1276.jpg,0.014498970487302677
Train_1278.jpg,0.08009674606969092
Train_1279.jpg,0.03678492539331921
Train_128.jpg,0.012244765037287915
Train_1280.jpg,0.01563600507113678
Train_1281.jpg,0.2062043795620438
Train_1283.jpg,0.002327246688148944
Train_1284.jpg,0.006983018568481193
Train_1288.jpg,0.09071812196812197
Train_129.jpg,0.017403894453801378
Train_1290.jpg,0.004220507038996329
Train_1291.jpg,0.0026037271872513803
Train_1292.jpg,0.002971216341689879
Train_1293.jpg,0.06522052811312587
Train_1294.jpg,0.036724733624876174
Train_1295.jpg,0.06688706922975872
Train_1296.jpg,0.044904741662480194
Train_1298.jpg,0.002985520226899537
Train_1299.jpg,0.0011343380327337547
Train_130.jpg,0.0316872762772535
Train_1300.jpg,0.005220945990979982
Train_1301.jpg,0.023030772208244628
Train_1302.jpg,0.0029705016273182828
Train_1303.jpg,0.015356899619922227
Train_1305.jpg,0.018961625282167043
Train_1307.jpg,0.0017602816450632101
Train_1308.jpg,0.02521512907744647
Train_131.jpg,0.0035613638475116907
Train_1310.jpg,0.007889118083450946
Train_1311.jpg,0.012171080826262106
Train_1312.jpg,0.0226261805626079
Train_1314.jpg,0.0
Train_1315.jpg,0.026576176582519345
Train_1316.jpg,0.001197048907998241
Train_1317.jpg,0.05252997358260516
Train_1318.jpg,0.017391304347826087
Train_1319.jpg,0.014000908781097353
Train_132.jpg,0.03297706643751007
Train_1320.jpg,0.008886484815702032
Train_1321.jpg,0.04202112056321502
Train_1322.jpg,0.0
Train_1323.jpg,0.11143781240811526
Train_1324.jpg,0.007582336829447525
Train_1326.jpg,0.01986049215268359
Train_1327.jpg,0.005226620922565601
Train_1329.jpg,0.029037308362626652
Train_133.jpg,0.0012278156044201363
Train_1330.jpg,0.004884295797718676
Train_1331.jpg,0.01697171381031614
Train_1332.jpg,0.010140598021213035
Train_1333.jpg,0.03101905873201089
Train_1334.jpg,0.04999273361430025
Train_1336.jpg,0.06873874365551493
Train_1337.jpg,0.0408357809037976
Train_1338.jpg,0.13506726457399104
Train_1339.jpg,0.05787859463727187
Train_1340.jpg,0.002957448435866711
Train_1342.jpg,0.000834422718549217
Train_1343.jpg,0.017784760408483896
Train_1344.jpg,0.0006098207657227702
Train_1345.jpg,0.15589664875927348
Train_1346.jpg,0.039668017252646716
Train_1350.jpg,0.006395543750161178
Train_1351.jpg,0.005091937765205092
Train_1352.jpg,0.002264927934111187
Train_1353.jpg,0.02146762978464862
Train_1358.jpg,0.0010261901574978808
Train_1359.jpg,0.009052394160138985
Train_1360.jpg,0.008147379346133887
Train_1361.jpg,0.005627494329438112
Train_1362.jpg,0.06834155363748459
Train_1363.jpg,0.021181187518134578
Train_1364.jpg,0.019934758970641536
Train_1365.jpg,0.0024546092106288477
Train_1367.jpg,0.13392768697374938
Train_1369.jpg,0.005326403005429328
Train_1370.jpg,0.013342279800769052
Train_1373.jpg,0.0030631863655619642
Train_1374.jpg,0.0020551144325081736
Train_1375.jpg,0.06676893576222435
Train_1376.jpg,0.004338250016685577
Train_1378.jpg,0.009300107308930487
Train_1379.jpg,0.004729346269221415
Train_138.jpg,0.0419563975948134
Train_1382.jpg,0.11340650725205802
Train_1383.jpg,0.014013742826884713
Train_1384.jpg,0.04806879753442362
Train_1385.jpg,0.07544372247176312
Train_1387.jpg,0.002890619828328074
Train_139.jpg,0.002226551628165878
Train_1390.jpg,0.013769907434025182
Train_1393.jpg,0.028089887640449437
Train_1394.jpg,0.001979886863607794
Train_1395.jpg,0.0307802704131732
Train_1398.jpg,0.0020869947275922673
Train_1399.jpg,0.0015637447260496268
Train_14.jpg,0.0014758225540411494
Train_140.jpg,0.12354259525068621
Train_1400.jpg,0.005841565349544073
Train_1401.jpg,0.017915988030756412
Train_1402.jpg,0.00028519821275786673
Train_1403.jpg,0.09479944674965422
Train_1404.jpg,0.006275673208580557
Train_1405.jpg,0.02391212294816549
Train_1406.jpg,0.00722313715292826
Train_1407.jpg,0.0017100837941059113
Train_1409.jpg,0.002204501537707863
Train_141.jpg,0.007044644372772025
Train_1410.jpg,0.07508579909099342
Train_1411.jpg,0.04953719574905725
Train_1412.jpg,0.0
Train_1413.jpg,0.0015844128037683332
Train_1416.jpg,0.1878391711889492
Train_1418.jpg,0.0022678408388065855
Train_1419.jpg,0.06121971595655806
Train_142.jpg,0.05374643620812544
Train_1421.jpg,0.04366832753595939
Train_1422.jpg,0.0061226761660915065
Train_1423.jpg,0.01180128877566312
Train_1425.jpg,0.025391736050059472
Train_1427.jpg,0.00447934845840605
Train_1428.jpg,0.07665748535516158
Train_1429.jpg,0.023407111631269146
Train_143.jpg,0.02520688341816419
Train_1430.jpg,0.0364275189844724
Train_1431.jpg,0.10254274002732695
Train_1433.jpg,0.01174908050674295
Train_1434.jpg,0.00306166746635593
Train_1435.jpg,0.046866630958757365
Train_1436.jpg,0.04909074418393724
Train_1437.jpg,0.004876953187666442
Train_1439.jpg,0.0014391312880225027
Train_1441.jpg,0.004241411142436566
Train_1443.jpg,0.00173552159969817
Train_1444.jpg,0.11402116402116402
Train_1445.jpg,0.06368360785695411
Train_1446.jpg,0.012142676448267139
Train_1448.jpg,0.07610077579720298
Train_145.jpg,0.02013589471545633
Train_1450.jpg,0.05053816652233082
Train_1451.jpg,0.0031405451252779497
Train_1452.jpg,0.1235328073888782
Train_1453.jpg,0.0017061726890500275
Train_1454.jpg,0.016911529131768046
Train_1455.jpg,0.0016440338013349555
Train_1456.jpg,0.03482535575679172
Train_1458.jpg,0.0013548573075814355
Train_1460.jpg,0.030476614203881876
Train_1461.jpg,0.00124123043712898
Train_1462.jpg,0.013348268458881733
Train_1464.jpg,0.19034343531447523
Train_1465.jpg,0.0075020839121978326
Train_1467.jpg,0.032447537971899504
Train_1468.jpg,0.0003913894324853229
Train_1469.jpg,0.00610897625381811
Train_147.jpg,0.03415998894722299
Train_1470.jpg,0.10570303134098305
Train_1471.jpg,0.001423534307176803
Train_1472.jpg,0.009497566981298
Train_1473.jpg,0.11226808027262401
Train_1475.jpg,0.0033173487486040858
Train_148.jpg,0.0013894502829426031
Train_1480.jpg,0.006849723032938233
Train_1481.jpg,0.14060377358490567
Train_1483.jpg,0.15238364348282404
Train_1484.jpg,0.014908468934911243
Train_1485.jpg,0.0030187389645155776
Train_1486.jpg,0.007050878877155814
Train_1487.jpg,0.0020371977213566226
Train_1488.jpg,0.032030706381450474
Train_149.jpg,0.1470548591454374
Train_1490.jpg,0.005154356527937709
Train_1491.jpg,0.000600271427080071
Train_1492.jpg,0.007602619389873822
Train_1493.jpg,0.0
Train_1494.jpg,0.0005228579872240788
Train_1495.jpg,0.0
Train_1498.jpg,0.0
Train_1499.jpg,0.004088871372974038
Train_15.jpg,0.003394353668242895
Train_150.jpg,0.0
Train_1500.jpg,0.0
Train_1501.jpg,0.0
Train_1502.jpg,0.012989115040666856
Train_1503.jpg,0.0
Train_1505.jpg,0.0
Train_1506.jpg,0.0
Train_1507.jpg,0.0
Train_1509.jpg,0.002482823569700991
Train_1510.jpg,0.005091142124750783
Train_1511.jpg,0.018914143442293793
Train_1512.jpg,0.005467020200639642
Train_1514.jpg,0.005674312477482887
Train_1515.jpg,0.008350424846176385
Train_1516.jpg,0.010965778407638873
Train_1518.jpg,0.0
Train_1519.jpg,0.0
Train_152.jpg,0.0750904902928595
Train_1520.jpg,0.0
Train_1521.jpg,0.0
Train_1522.jpg,0.044532477289802606
Train_1523.jpg,0.01660493038702261
Train_1524.jpg,0.005497526113249038
Train_1525.jpg,0.0032944186790340637
Train_1526.jpg,0.00972877358490566
Train_1527.jpg,0.002438741145047033
Train_1529.jpg,0.05464633748309787
Train_153.jpg,0.015922636438003974
Train_1531.jpg,0.005846560273705637
Train_1532.jpg,0.08368660700266918
Train_1534.jpg,0.47970198286988147
Train_1535.jpg,0.005020834756472437
Train_1536.jpg,0.20566437268395976
Train_1537.jpg,0.051036612262902514
Train_154.jpg,0.061013634922312654
Train_1540.jpg,0.00016948195017230664
Train_1542.jpg,0.08204845814977973
Train_1543.jpg,0.15031707983129533
Train_1544.jpg,0.0920115844093158
Train_1545.jpg,0.001523468672164051
Train_1547.jpg,0.019340122723037877
Train_155.jpg,0.05292716633832221
Train_1550.jpg,0.0034644094431944
Train_1551.jpg,0.0034323339871112357
Train_1553.jpg,0.13739400695922435
Train_1554.jpg,0.006440267116613988
Train_1558.jpg,0.007139823760484128
Train_156.jpg,0.021328533385935496
Train_1560.jpg,0.0006838386140870754
Train_1561.jpg,0.006649451258876695
Train_1565.jpg,0.010965186574942673
Train_1566.jpg,0.008822205551387846
Train_1567.jpg,0.0
Train_1568.jpg,0.15012495537308104
Train_1569.jpg,0.006328016643550624
Train_157.jpg,0.04386122595721733
Train_1570.jpg,0.028377076460456018
Train_1571.jpg,0.0031590619050607754
Train_1572.jpg,0.0
Train_1573.jpg,0.020942408376963352
Train_1574.jpg,0.010540500074861505
Train_1576.jpg,0.0030903328050713155
Train_1577.jpg,0.01568917574427919
Train_1578.jpg,0.0017022182030959094
Train_1579.jpg,0.0035284538134443136
Train_158.jpg,0.06459919390953874
Train_1580.jpg,0.015057702875984612
Train_1581.jpg,0.00993785262193201
Train_1582.jpg,0.057702587968931796
Train_1584.jpg,0.002799143218771298
Train_1586.jpg,0.011798226253059914
Train_1588.jpg,0.022525754702475528
Train_1589.jpg,0.017495193628124142
Train_159.jpg,0.0032283484582729606
Train_1591.jpg,0.011970580776058838
Train_1592.jpg,0.001198385333445463
Train_1594.jpg,0.010334795258152764
Train_1595.jpg,0.012541410317084714
Train_1596.jpg,0.0012732689908069978
Train_1599.jpg,0.0
Train_16.jpg,0.0
Train_160.jpg,0.15583681494224624
Train_1602.jpg,0.00684373472380642
Train_1603.jpg,0.015568272721678666
Train_1606.jpg,0.0035943830150172106
Train_1607.jpg,0.002895673037147348
Train_1609.jpg,0.013380481522711894
Train_161.jpg,0.1492302097223906
Train_1613.jpg,0.004185590880755188
Train_1618.jpg,0.0026476039184537992
Train_1619.jpg,0.05217005993609926
Train_1620.jpg,0.005302033795406253
Train_1622.jpg,0.1759851184238105
Train_1623.jpg,0.01759758883865636
Train_1624.jpg,0.006441664386798319
Train_1625.jpg,0.0022879267863428372
Train_1626.jpg,0.0022858679575097486
Train_1627.jpg,0.020073444927568882
Train_1628.jpg,0.016852220789874604
Train_1629.jpg,0.0
Train_163.jpg,0.04098045386202315
Train_1630.jpg,0.004572033592415237
Train_1632.jpg,0.0
Train_1636.jpg,0.04108027104508731
Train_1637.jpg,0.07063494827766362
Train_1638.jpg,0.08987392346621681
Train_1639.jpg,0.05034865206171416
Train_164.jpg,0.02063181969790823
Train_1640.jpg,0.00047281323877068556
Train_1641.jpg,0.0031805425631431243
Train_1642.jpg,0.0011821661787885611
Train_1643.jpg,0.05014812691131498
Train_1644.jpg,0.003985378484033101
Train_1645.jpg,0.015766036827536405
Train_1647.jpg,0.0075046904315197
Train_1648.jpg,0.012739373647462334
Train_1649.jpg,0.014580443316312978
Train_165.jpg,0.0011321508646524741
Train_1650.jpg,0.0697583067609409
Train_1651.jpg,0.004025944978751957
Train_1652.jpg,0.012484657197965984
Train_1655.jpg,0.005117629086465017
Train_1657.jpg,0.0030890464933018124
Train_1658.jpg,0.0007778524201817346
Train_1659.jpg,0.056533101045296165
Train_166.jpg,0.01579643093192333
Train_1660.jpg,0.00860322829877425
Train_1662.jpg,0.01112129158636378
Train_1664.jpg,9.200478424878094e-05
Train_1665.jpg,0.012124370331770018
Train_1668.jpg,0.0016670014059048002
Train_1671.jpg,0.004014302323030689
Train_1673.jpg,0.010395805674939808
Train_1674.jpg,0.0038881535407015223
Train_1677.jpg,0.0038118491205341573
Train_1678.jpg,0.0012914435991359069
Train_1679.jpg,0.005178907721280603
Train_168.jpg,0.04366850959406321
Train_1680.jpg,0.05408382122775491
Train_1684.jpg,0.0020912649471821546
Train_1685.jpg,0.012282869394578094
Train_1686.jpg,0.001599488163787588
Train_1688.jpg,0.053240835762078734
Train_1689.jpg,0.002673992673992674
Train_169.jpg,0.014392396469789546
Train_1690.jpg,0.13271087340796808
Train_1692.jpg,0.047754003117472014
Train_1695.jpg,0.0
Train_1696.jpg,0.002994212678479655
Train_1699.jpg,0.012816319248267864
Train_17.jpg,0.11122518822724162
Train_170.jpg,0.005505692678467547
Train_1700.jpg,0.03347569129890859
Train_1701.jpg,0.03443240159726184
Train_1702.jpg,0.050859446841621275
Train_1703.jpg,0.04285286932243107
Train_1704.jpg,0.07731251072593101
Train_1705.jpg,0.03882860809707152
Train_1707.jpg,0.0015174046311189342
Train_1708.jpg,0.0033558779493004284
Train_1709.jpg,0.0033389959580575244
Train_171.jpg,0.04638328141480046
Train_1710.jpg,0.007846266374094022
Train_1711.jpg,0.02203275367212561
Train_1712.jpg,0.0030348613200327237
Train_1713.jpg,0.03582173991308149
Train_1714.jpg,0.0012809388041816454
Train_1715.jpg,0.03581399058785993
Train_1716.jpg,0.03280829402201434
Train_1717.jpg,0.2408034178549631
Train_1718.jpg,0.004991770324599984
Train_1719.jpg,0.03927519615116567
Train_172.jpg,0.09905422446406054
Train_1720.jpg,0.005534214467087701
Train_1721.jpg,0.016185386907820367
Train_1722.jpg,0.0012335334915980077
Train_1725.jpg,0.007101776608377768
Train_1726.jpg,0.003570495515109292
Train_1727.jpg,0.021915076180979105
Train_1728.jpg,0.30946590135227164
Train_1729.jpg,0.00492143284001828
Train_173.jpg,0.07785899021702462
Train_1730.jpg,0.020193828311909492
Train_1732.jpg,0.0025906735751295338
Train_1736.jpg,0.009482565519301128
Train_1737.jpg,0.04793659469800492
Train_1738.jpg,0.004299896109892647
Train_1739.jpg,0.0994829975482358
Train_1740.jpg,0.009721682128770623
Train_1742.jpg,0.07770323599052881
Train_1743.jpg,0.005660186651393147
Train_1744.jpg,0.1316990701606086
Train_1745.jpg,0.003918379417418305
Train_1746.jpg,0.002598409044286919
Train_1747.jpg,0.01848339234530433
Train_1749.jpg,0.005285357217246407
Train_1751.jpg,0.1552853669003004
Train_1752.jpg,0.0033035256592811985
Train_1753.jpg,0.0035159828657736402
Train_1754.jpg,0.19221286213273064
Train_1755.jpg,0.0037518847084399873
Train_1756.jpg,0.286593051984067
Train_1757.jpg,0.005108628529725481
Train_1758.jpg,0.02845402387967127
Train_1759.jpg,0.3380636229193543
Train_176.jpg,0.029098403604988297
Train_1761.jpg,0.0653679761934532
Train_1762.jpg,0.05392584636727753
Train_1763.jpg,0.0027266530334014998
Train_1764.jpg,0.009076948390281357
Train_1765.jpg,0.020448464772582494
Train_1766.jpg,0.006416641571498066
Train_1767.jpg,0.004471485119483947
Train_1768.jpg,0.09142557051465673
Train_1769.jpg,0.0018153417486384937
Train_177.jpg,0.09198010297582686
Train_1771.jpg,0.021220514653323804
Train_1772.jpg,0.0034957489965905656
Train_1773.jpg,0.0025080505325736934
Train_1775.jpg,0.0017505368312949305
Train_1779.jpg,0.0022247530259289668
Train_178.jpg,0.022563017803631236
Train_1780.jpg,0.0020042529269425364
Train_1783.jpg,0.013637302844548522
Train_1784.jpg,0.036861070332310154
Train_1785.jpg,0.003923644629900663
Train_1786.jpg,0.00042484751009012835
Train_1787.jpg,0.005446528918474972
Train_1788.jpg,0.00628527963489331
Train_1790.jpg,0.0020685873791247136
Train_1791.jpg,0.005516487339413066
Train_1792.jpg,0.020537951160421772
Train_1793.jpg,0.11093871217998448
Train_1795.jpg,0.0020584602717167557
Train_1796.jpg,0.0012544802867383513
Train_1797.jpg,0.009121395036887995
Train_1798.jpg,0.025044388374918233
Train_180.jpg,0.0005296610169491525
Train_1800.jpg,0.022896110328012496
Train_1801.jpg,0.02945188062047761
Train_1802.jpg,0.0023009464270209255
Train_1804.jpg,0.24309584590392203
Train_1805.jpg,0.00440857804677576
Train_1806.jpg,0.1655056906855468
Train_1809.jpg,0.054160297008080366
Train_181.jpg,0.004171838367121776
Train_1811.jpg,0.000682001364002728
Train_1812.jpg,0.057269586100423944
Train_1813.jpg,0.006812859271875665
Train_1815.jpg,0.0036494597839135654
Train_1816.jpg,0.034191222180778316
Train_1819.jpg,0.0009265182766760053
Train_182.jpg,0.028393181706538293
Train_1820.jpg,0.045221098872702606
Train_183.jpg,0.00812452543659833
Train_184.jpg,0.001643219557195572
Train_185.jpg,0.07770174515123295
Train_186.jpg,0.16707400250085255
Train_187.jpg,0.0010558692558417114
Train_188.jpg,0.007114179051912375
Train_189.jpg,0.01477570217863957
Train_19.jpg,0.03435267339669961
Train_190.jpg,0.022321281162291564
Train_191.jpg,0.031484740524531055
Train_192.jpg,0.19212951432129513
Train_193.jpg,0.00996062080148251
Train_194.jpg,0.001956762618761346
Train_196.jpg,0.018377409233527566
Train_197.jpg,0.015415386116395922
Train_20.jpg,0.02201851352565831
Train_200.jpg,0.057975338106603026
Train_202.jpg,0.013788098693759071
Train_203.jpg,0.044523288694445926
Train_204.jpg,0.029924852388620506
Train_205.jpg,0.001768238773208134
Train_206.jpg,0.002431329416191496
Train_207.jpg,0.10931846238985143
Train_208.jpg,0.004356203401189578
Train_209.jpg,0.0665237030615504
Train_21.jpg,0.007949267595569846
Train_210.jpg,0.02317193135861843
Train_211.jpg,0.1142188143268835
Train_212.jpg,0.017033549436734293
Train_214.jpg,0.024964966004048374
Train_216.jpg,0.09322971965572549
Train_217.jpg,0.05864047849983835
Train_218.jpg,0.0026152948044366607
Train_22.jpg,0.045225644005423206
Train_222.jpg,0.08921161825726141
Train_223.jpg,0.004194073984672017
Train_225.jpg,0.0033508321233106223
Train_226.jpg,0.003932251569347388
Train_228.jpg,0.008738754226118847
Train_229.jpg,0.03773395049305695
Train_23.jpg,0.0019566736547868622
Train_230.jpg,0.07316742204250007
Train_231.jpg,0.0008820286659316428
Train_232.jpg,0.07437101112927898
Train_233.jpg,0.00835819360148133
Train_234.jpg,0.03477005838745654
Train_235.jpg,0.05508038679716662
Train_236.jpg,0.005362593845392294
Train_237.jpg,0.0021750041827003513
Train_239.jpg,0.0880427954854005
Train_240.jpg,0.011496685004937227
Train_241.jpg,0.007453525078919677
Train_242.jpg,0.0
Train_243.jpg,0.07388981020821817
Train_244.jpg,0.004038155108811909
Train_245.jpg,0.0004556792018419033
Train_25.jpg,0.021178793006204174
Train_250.jpg,0.05818538332019012
Train_251.jpg,0.08919631093544136
Train_252.jpg,0.021061325624612843
Train_253.jpg,0.03165492157308479
Train_254.jpg,0.005976839745984311
Train_255.jpg,0.020108886547242712
Train_256.jpg,0.032675589899268664
Train_258.jpg,0.011221945137157107
Train_259.jpg,0.0013505791906913926
Train_26.jpg,0.0023273855702094647
Train_260.jpg,0.0426896341891544
Train_262.jpg,0.11904273036296854
Train_267.jpg,0.03403842116313248
Train_268.jpg,0.041853076573948
Train_269.jpg,0.005911416975472031
Train_27.jpg,0.017531933163977245
Train_270.jpg,0.0841695105180054
Train_272.jpg,0.09708480565371025
Train_274.jpg,0.004525842561023444
Train_275.jpg,0.005550260694062903
Train_276.jpg,0.05717902350813743
Train_277.jpg,0.0029546345927572233
Train_279.jpg,0.001925005013033888
Train_28.jpg,0.10100176133861735
Train_280.jpg,0.11899730379654594
Train_281.jpg,0.012399111007135338
Train_283.jpg,0.03344576327917814
Train_284.jpg,0.004937971296521528
Train_285.jpg,0.0174738182028583
Train_286.jpg,0.0002948361553365344
Train_288.jpg,0.004202777487731023
Train_289.jpg,0.01263949323624308
Train_29.jpg,0.05513473239786415
Train_290.jpg,0.03678364455891822
Train_292.jpg,0.02380257618074951
Train_293.jpg,0.014688925652980397
Train_294.jpg,0.004686690833764889
Train_296.jpg,0.05258255092785527
Train_297.jpg,0.05996585088218554
Train_299.jpg,0.016568047337278107
Train_3.jpg,0.023314606741573034
Train_30.jpg,0.10511936220719309
Train_301.jpg,0.014703532044110595
Train_302.jpg,0.00452656825321758
Train_303.jpg,0.011649222399621548
Train_305.jpg,0.22298395086189815
Train_306.jpg,0.001138740413664885
Train_308.jpg,0.07863287918856493
Train_309.jpg,0.045993873236398156
Train_31.jpg,0.02241923109709317
Train_310.jpg,0.03891325167599173
Train_312.jpg,0.03545656003181999
Train_313.jpg,0.0040026246719160104
Train_314.jpg,0.005663614378139275
Train_315.jpg,0.05314580719868764
Train_316.jpg,0.022637614678899083
Train_318.jpg,0.014793914668090135
Train_319.jpg,0.026392893139254154
Train_32.jpg,0.03504404442742244
Train_321.jpg,0.00173103970572325
Train_322.jpg,0.008252083446810828
Train_323.jpg,0.018020425127657048
Train_324.jpg,0.005685371539030076
Train_325.jpg,0.04018959611248307
Train_326.jpg,0.013333724065174071
Train_327.jpg,0.009341463414634146
Train_328.jpg,0.011869918699186991
Train_331.jpg,0.005372988521342705
Train_332.jpg,0.08269314846043345
Train_333.jpg,0.010347254809948381
Train_334.jpg,0.014964573662350353
Train_336.jpg,0.002786665290535659
Train_338.jpg,0.0264205979693723
Train_34.jpg,0.0018709073900841909
Train_340.jpg,0.012537445911461222
Train_341.jpg,0.00810085003440087
Train_342.jpg,0.0031780015388217977
Train_343.jpg,0.12906447349096783
Train_344.jpg,0.003560020482309624
Train_345.jpg,0.0
Train_346.jpg,0.0018685040289618125
Train_347.jpg,0.010175726977417714
Train_349.jpg,0.11697830964846671
Train_35.jpg,0.0036045729657027572
Train_350.jpg,0.0036490642756607412
Train_351.jpg,0.014421123899796886
Train_352.jpg,0.03576893649579189
Train_353.jpg,0.053177150192554555
Train_354.jpg,0.05264963663017373
Train_355.jpg,0.10922914581022214
Train_358.jpg,0.02486459871984244
Train_36.jpg,0.010854779156603094
Train_361.jpg,0.3428938814873022
Train_362.jpg,0.027332296473827795
Train_363.jpg,0.007742475499598926
Train_364.jpg,0.05202539960586818
Train_368.jpg,0.004937811524665766
Train_369.jpg,0.0043906131718395155
Train_37.jpg,0.02492433683460922
Train_370.jpg,0.023081704147361284
Train_371.jpg,0.0007623467020218761
Train_372.jpg,0.07805532914609004
Train_374.jpg,0.048019585979541375
Train_377.jpg,0.2555228946331707
Train_379.jpg,0.023353276903140423
Train_38.jpg,0.0095151789759855
Train_381.jpg,0.0
Train_382.jpg,0.07579676783976838
Train_384.jpg,0.005166488920488209
Train_385.jpg,0.0029500630457021866
Train_386.jpg,0.011074306619864537
Train_387.jpg,0.019923187710033607
Train_388.jpg,0.005069032215033682
Train_39.jpg,0.005888966218748327
Train_390.jpg,0.024723504778266937
Train_391.jpg,0.005743779777660138
Train_394.jpg,0.01563082570912324
Train_395.jpg,0.0004020504573323952
Train_398.jpg,0.03371638960169586
Train_399.jpg,0.02348163189957541
Train_40.jpg,0.28765068032490043
Train_400.jpg,0.0574022623536416
Train_401.jpg,0.15575012628388618
Train_402.jpg,0.015459221948344228
Train_403.jpg,0.005574973280568474
Train_408.jpg,0.0
Train_409.jpg,0.03195334714926021
Train_41.jpg,0.0
Train_410.jpg,0.0
Train_411.jpg,0.011755983901715738
Train_413.jpg,0.004522039113307382
Train_414.jpg,0.09264697245551183
Train_416.jpg,0.007754999461458371
Train_418.jpg,0.006571028919033213
Train_419.jpg,0.01485323588353177
Train_42.jpg,0.0
Train_422.jpg,0.020739219712525667
Train_423.jpg,0.0
Train_424.jpg,0.0
Train_426.jpg,0.0030466369814858216
Train_428.jpg,0.00273280043724807
Train_429.jpg,0.0
Train_431.jpg,0.0
Train_434.jpg,0.0014308855291576673
Train_435.jpg,0.007236711411300622
Train_436.jpg,0.08868787020345094
Train_437.jpg,0.0
Train_44.jpg,0.0
Train_440.jpg,0.010902591599642538
Train_441.jpg,0.014870538838348496
Train_442.jpg,0.0
Train_445.jpg,0.0023031203566121843
Train_447.jpg,0.007492845752233654
Train_449.jpg,0.0
Train_45.jpg,0.0
Train_451.jpg,0.0
Train_453.jpg,0.0
Train_454.jpg,0.0
Train_455.jpg,0.0
Train_456.jpg,0.0
Train_457.jpg,0.0
Train_458.jpg,0.0
Train_459.jpg,0.0
Train_461.jpg,0.0
Train_462.jpg,0.0
Train_463.jpg,0.0
Train_464.jpg,0.0
Train_465.jpg,0.0
Train_467.jpg,0.0
Train_468.jpg,0.0
Train_469.jpg,0.0
Train_47.jpg,0.0
Train_470.jpg,0.0
Train_471.jpg,0.0
Train_472.jpg,0.0
Train_473.jpg,0.0
Train_477.jpg,0.0
Train_479.jpg,0.0
Train_48.jpg,0.0
Train_480.jpg,0.006119722073757349
Train_481.jpg,0.0
Train_482.jpg,0.0
Train_483.jpg,0.0
Train_484.jpg,0.010900974979443204
Train_485.jpg,0.0
Train_486.jpg,0.0
Train_487.jpg,0.0
Train_489.jpg,0.0
Train_49.jpg,0.0
Train_490.jpg,0.0
Train_492.jpg,0.0
Train_493.jpg,0.007816029637661516
Train_494.jpg,0.0
Train_495.jpg,0.0
Train_497.jpg,0.0
Train_498.jpg,0.0
Train_499.jpg,0.0
Train_50.jpg,0.0
Train_500.jpg,0.0
Train_501.jpg,0.0
Train_503.jpg,0.0
Train_504.jpg,0.0
Train_505.jpg,0.0
Train_506.jpg,0.0
Train_507.jpg,0.0
Train_508.jpg,0.0
Train_509.jpg,0.0
Train_51.jpg,0.0
Train_510.jpg,0.0
Train_511.jpg,0.0
Train_512.jpg,0.0
Train_513.jpg,0.0
Train_514.jpg,0.0
Train_515.jpg,0.0
Train_516.jpg,0.0
Train_517.jpg,0.0019626858778978478
Train_518.jpg,0.0
Train_519.jpg,0.0
Train_52.jpg,0.0
Train_520.jpg,0.0
Train_521.jpg,0.0
Train_522.jpg,0.0
Train_523.jpg,0.0
Train_524.jpg,0.0
Train_527.jpg,0.0
Train_528.jpg,0.0
Train_530.jpg,0.0
Train_533.jpg,0.0
Train_534.jpg,0.0
Train_535.jpg,0.009701350580178809
Train_536.jpg,0.0
Train_538.jpg,0.0
Train_539.jpg,0.0
Train_540.jpg,0.0
Train_541.jpg,0.0
Train_542.jpg,0.0
Train_543.jpg,0.0
Train_548.jpg,0.0
Train_549.jpg,0.0
Train_552.jpg,0.0
Train_553.jpg,0.0
Train_554.jpg,0.0
Train_555.jpg,0.0
Train_556.jpg,0.0
Train_557.jpg,0.0
Train_559.jpg,0.0
Train_56.jpg,0.0
Train_560.jpg,0.0
Train_561.jpg,0.0
Train_563.jpg,0.002444411721395965
Train_564.jpg,0.0
Train_565.jpg,0.0
Train_567.jpg,0.0
Train_568.jpg,0.0
Train_57.jpg,0.0
Train_570.jpg,0.0
Train_571.jpg,0.0
Train_574.jpg,0.0
Train_575.jpg,0.0
Train_576.jpg,0.0
Train_577.jpg,0.0
Train_578.jpg,0.0
Train_58.jpg,0.0
Train_580.jpg,0.0
Train_581.jpg,0.0
Train_582.jpg,0.0
Train_583.jpg,0.0
Train_584.jpg,0.0
Train_585.jpg,0.0
Train_586.jpg,0.0
Train_588.jpg,0.0
Train_589.jpg,0.0
Train_59.jpg,0.0
Train_590.jpg,0.0
Train_593.jpg,0.0
Train_594.jpg,0.0
Train_596.jpg,0.0
Train_598.jpg,0.0
Train_599.jpg,0.0
Train_6.jpg,0.006664838178826111
Train_60.jpg,0.0
Train_600.jpg,0.0
Train_602.jpg,0.029576482760171836
Train_604.jpg,0.0
Train_606.jpg,0.0
Train_607.jpg,0.0
Train_608.jpg,0.0
Train_609.jpg,0.0
Train_61.jpg,0.0
Train_610.jpg,0.0
Train_611.jpg,0.0
Train_612.jpg,0.0
Train_613.jpg,0.0
Train_614.jpg,0.0
Train_615.jpg,0.0
Train_617.jpg,0.0
Train_62.jpg,0.005897114178168131
Train_620.jpg,0.0
Train_623.jpg,0.0
Train_624.jpg,0.0
Train_625.jpg,0.0
Train_627.jpg,0.0
Train_628.jpg,0.0
Train_629.jpg,0.017169214999572906
Train_631.jpg,0.0
Train_632.jpg,0.0
Train_633.jpg,0.0
Train_634.jpg,0.0
Train_636.jpg,0.0
Train_638.jpg,0.0
Train_639.jpg,0.0
Train_64.jpg,0.0
Train_640.jpg,0.0
Train_641.jpg,0.0
Train_643.jpg,0.0
Train_645.jpg,0.005172294889772649
Train_647.jpg,0.0
Train_649.jpg,0.0
Train_65.jpg,0.0
Train_651.jpg,0.0
Train_652.jpg,0.0
Train_653.jpg,0.0
Train_654.jpg,0.0
Train_655.jpg,0.0
Train_656.jpg,0.0
Train_658.jpg,0.0
Train_659.jpg,0.0
Train_661.jpg,0.0
Train_662.jpg,0.0
Train_663.jpg,0.0
Train_664.jpg,0.0
Train_666.jpg,0.0
Train_667.jpg,0.0
Train_668.jpg,0.0
Train_669.jpg,0.0
Train_670.jpg,0.0
Train_672.jpg,0.0
Train_673.jpg,0.0
Train_674.jpg,0.0
Train_677.jpg,0.0
Train_680.jpg,0.0
Train_681.jpg,0.0
Train_682.jpg,0.002218572622237589
Train_683.jpg,0.0
Train_686.jpg,0.0
Train_687.jpg,0.0
Train_688.jpg,0.0
Train_689.jpg,0.0
Train_69.jpg,0.0
Train_690.jpg,0.0
Train_692.jpg,0.0
Train_693.jpg,0.0
Train_695.jpg,0.0
Train_696.jpg,0.0
Train_697.jpg,0.0
Train_698.jpg,0.0
Train_699.jpg,0.0
Train_7.jpg,0.0
Train_700.jpg,0.0
Train_702.jpg,0.015990874655647382
Train_705.jpg,0.0
Train_706.jpg,0.0
Train_707.jpg,0.0
Train_708.jpg,0.0
Train_709.jpg,0.0
Train_71.jpg,0.0
Train_712.jpg,0.0
Train_713.jpg,0.0
Train_714.jpg,0.0
Train_715.jpg,0.0
Train_716.jpg,0.0
Train_717.jpg,0.0
Train_718.jpg,0.0
Train_719.jpg,0.0
Train_721.jpg,0.0
Train_722.jpg,0.0
Train_723.jpg,0.0
Train_724.jpg,0.0
Train_726.jpg,0.0
Train_727.jpg,0.0
Train_728.jpg,0.0
Train_729.jpg,0.0
Train_73.jpg,0.0
Train_732.jpg,0.01366093366093366
Train_733.jpg,0.0
Train_734.jpg,0.0
Train_735.jpg,0.0
Train_736.jpg,0.0
Train_738.jpg,0.0
Train_739.jpg,0.0
Train_74.jpg,0.07710306406685237
Train_740.jpg,0.0
Train_741.jpg,0.0
Train_742.jpg,0.0
Train_743.jpg,0.0
Train_744.jpg,0.0
Train_745.jpg,0.0
Train_748.jpg,0.0
Train_749.jpg,0.0
Train_75.jpg,0.0
Train_750.jpg,0.0
Train_751.jpg,0.0
Train_754.jpg,0.0030480187877879377
Train_756.jpg,0.0
Train_757.jpg,0.0
Train_758.jpg,0.0
Train_759.jpg,0.0
Train_76.jpg,0.0
Train_760.jpg,0.0
Train_762.jpg,0.016316675203043828
Train_763.jpg,0.0
Train_764.jpg,0.0
Train_765.jpg,0.0
Train_766.jpg,0.0
Train_767.jpg,0.0
Train_770.jpg,0.0
Train_771.jpg,0.0
Train_775.jpg,0.0
Train_778.jpg,0.0
Train_779.jpg,0.0
Train_78.jpg,0.0
Train_780.jpg,0.0
Train_783.jpg,0.0
Train_784.jpg,0.0
Train_785.jpg,0.0
Train_787.jpg,0.0
Train_789.jpg,0.0
Train_79.jpg,0.0
Train_790.jpg,0.0
Train_792.jpg,0.0
Train_793.jpg,0.0
Train_795.jpg,0.0
Train_796.jpg,0.0
Train_797.jpg,0.0
Train_798.jpg,0.0
Train_799.jpg,0.0
Train_8.jpg,0.0
Train_80.jpg,0.0
Train_803.jpg,0.0
Train_804.jpg,0.0
Train_806.jpg,0.0
Train_808.jpg,0.0
Train_81.jpg,0.0
Train_810.jpg,0.0
Train_813.jpg,0.0
Train_814.jpg,0.0
Train_816.jpg,0.0
Train_818.jpg,0.0
Train_819.jpg,0.0
Train_82.jpg,0.0
Train_820.jpg,0.0
Train_821.jpg,0.0
Train_822.jpg,0.0
Train_823.jpg,0.0
Train_824.jpg,0.0
Train_825.jpg,0.0
Train_827.jpg,0.0
Train_828.jpg,0.0
Train_829.jpg,0.0
Train_83.jpg,0.0
Train_830.jpg,0.0
Train_831.jpg,0.0
Train_832.jpg,0.0
Train_836.jpg,0.0
Train_837.jpg,0.0
Train_838.jpg,0.0
Train_84.jpg,0.0
Train_840.jpg,0.0
Train_841.jpg,0.0
Train_842.jpg,0.0
Train_843.jpg,0.0
Train_844.jpg,0.0
Train_845.jpg,0.0
Train_846.jpg,0.0
Train_847.jpg,0.0
Train_848.jpg,0.0
Train_85.jpg,0.0
Train_851.jpg,0.0
Train_852.jpg,0.0
Train_853.jpg,0.0
Train_854.jpg,0.0
Train_855.jpg,0.0
Train_856.jpg,0.0
Train_857.jpg,0.0004493820996130321
Train_858.jpg,0.0
Train_859.jpg,0.0
Train_860.jpg,0.0
Train_861.jpg,0.0
Train_862.jpg,0.0
Train_865.jpg,0.0
Train_867.jpg,0.0
Train_868.jpg,0.0
Train_869.jpg,0.0
Train_87.jpg,0.0
Train_870.jpg,0.0
Train_871.jpg,0.0
Train_873.jpg,0.0
Train_874.jpg,0.0
Train_875.jpg,0.0
Train_876.jpg,0.0
Train_878.jpg,0.0
Train_879.jpg,0.0
Train_883.jpg,0.0
Train_884.jpg,0.0
Train_886.jpg,0.007452294997421351
Train_888.jpg,0.0
Train_889.jpg,0.0
Train_89.jpg,0.0
Train_891.jpg,0.0
Train_892.jpg,0.0
Train_894.jpg,0.0
Train_898.jpg,0.0
Train_899.jpg,0.0
Train_900.jpg,0.0
Train_902.jpg,0.0
Train_904.jpg,0.0
Train_905.jpg,0.000794912559618442
Train_906.jpg,0.0
Train_91.jpg,0.0
Train_910.jpg,0.0
Train_911.jpg,0.0
Train_912.jpg,0.0
Train_913.jpg,0.0
Train_916.jpg,0.0
Train_917.jpg,0.0
Train_92.jpg,0.0
Train_920.jpg,0.0
Train_922.jpg,0.0
Train_925.jpg,0.0
Train_926.jpg,0.0
Train_927.jpg,0.0
Train_928.jpg,0.0
Train_93.jpg,0.0
Train_930.jpg,0.0
Train_931.jpg,0.0
Train_932.jpg,0.0
Train_933.jpg,0.0
Train_936.jpg,0.0
Train_938.jpg,0.0
Train_940.jpg,0.0
Train_941.jpg,0.0
Train_943.jpg,0.0
Train_944.jpg,0.0
Train_945.jpg,0.0
Train_946.jpg,0.0
Train_949.jpg,0.005619960361632232
Train_95.jpg,0.00408535350124924
Train_950.jpg,0.0
Train_954.jpg,0.0
Train_955.jpg,0.0
Train_957.jpg,0.0
Train_96.jpg,0.0
Train_962.jpg,0.0
Train_964.jpg,0.0
Train_965.jpg,0.0
Train_967.jpg,0.0
Train_97.jpg,0.0
Train_970.jpg,0.0
Train_971.jpg,0.0
Train_972.jpg,0.0
Train_973.jpg,0.0
Train_974.jpg,0.0
Train_975.jpg,0.0
Train_976.jpg,0.0
Train_978.jpg,0.0
Train_98.jpg,0.0
Train_982.jpg,0.0
Train_984.jpg,0.0
Train_985.jpg,0.0
Train_986.jpg,0.0
Train_987.jpg,0.0
Train_988.jpg,0.0
Train_990.jpg,0.0
Train_991.jpg,0.0
Train_992.jpg,0.0
Train_993.jpg,0.0
Train_994.jpg,0.0
Train_995.jpg,0.0
Train_996.jpg,0.0
Train_997.jpg,0.0
Train_998.jpg,0.0
Train_999.jpg,0.0
